H_ratio,R_size,perplexity,compression_ratio_fp32,compression_ratio_fp16
0.01,64,34981.480085556366,5.255864086639635,2.6279320433198174
0.01,128,34953.86645247307,4.831328143430055,2.4156640717150273
0.01,256,34950.80723705881,4.159389089727446,2.079694544863723
0.05,64,34981.480085556366,4.470249268782468,2.235124634391234
0.05,128,34953.86645247307,4.159389089727446,2.079694544863723
0.05,256,34950.80723705881,3.6515351424597937,1.8257675712298969
0.1,64,34981.480085556366,3.7665060506859898,1.8832530253429949
0.1,128,34953.86645247307,3.543375203294232,1.771687601647116
0.1,256,34950.80723705881,3.1680227701636605,1.5840113850818303
