context_length,vanilla_fp32_mb,vanilla_fp16_mb,tritier_mb,compression_ratio_vs_fp32,compression_ratio_vs_fp16
256,2.0,1.0,2.0,1.0,0.5
512,4.0,2.0,2.4774322509765625,1.614574928708249,0.8072874643541245
1024,8.0,4.0,3.18560791015625,2.5112946180522293,1.2556473090261147
2048,16.0,8.0,4.602516174316406,3.4763593204268135,1.7381796602134068
3200,25.0,12.5,6.188934326171875,4.039467650234962,2.019733825117481
4096,32.0,16.0,7.428520202636719,4.30772201287704,2.15386100643852
8192,64.0,32.0,13.103408813476562,4.884225235663672,2.442112617831836
16384,128.0,64.0,24.43756103515625,5.237838580366398,2.618919290183199
32768,256.0,128.0,47.106422424316406,5.434503127706264,2.717251563853132
